{"autoplayTransitionDelay":5,"author":"","timestamp":"2022-10-4 7:5:8","loopSlideshow":0,"filename":"기획발표_세영팀_key","autoplayBuildDelay":2,"comment":"","title":"기획발표_세영팀_key","showMode":0,"creator":"Apple Keynote 11.2","slideList":["4B2E8753-A91B-4B4C-AB9D-4A594FAC8176","477E17EA-EA7A-4915-AB89-960AB1004C67","96A225CF-A15E-4B1F-B4E5-D45A4D949EAB","F0AD8FAD-3C60-4FC0-8BD2-ADAA76D87FB2","A1D485F7-3897-4CB0-B0E0-CA277CAD1598","DFEBBF03-30EC-400A-85BD-8E4CACB5A4CD","9A5AC844-6ECD-47ED-A75D-2CD7DD34C19A","8836232B-BA77-4480-9CCA-36CE900ED63A","D9F6D0E4-307D-40D6-95B1-528720988849","3E8992B3-D496-4A0C-884C-94151CE03509","FC6324A2-0CFF-4EE4-86C4-C712714E8979","03E353D9-15DD-4D95-A7CD-C0623D4A9AC6","ADBE668A-EECC-44FB-B867-D2126A374DAA","203AF94A-5252-4ABD-868E-05AFF4F948D8","5A4E751D-7217-457A-A4AE-315ED50EB118","AD067284-4797-4DFA-BE94-B2651BF163AA"],"soundtrack":{"mode":0,"volume":1},"slideWidth":1920,"slideHeight":1080,"slideCount":16,"majorVersion":1,"minorVersion":2,"fonts":["AvenirNext-Regular","BMDoHyeon-OTF","HelveticaNeue","AppleSDGothicNeo-Regular","NanumGothicBold","AvenirNext-Italic","AppleSDGothicNeo-Bold","AvenirNext-Demibold","AvenirNext-Medium"]}